{"cameraMode":{"drawMode":0,"name":"Shaded","section":"Shading Mode"},"sceneLighting":false,"audioPlay":false,"sceneViewState":{"showFog":true,"showMaterialUpdate":false,"showSkybox":false,"showFlares":true,"showImageEffects":true,"showParticleSystems":true},"in2DMode":false,"pivot":{"x":-0.3004530370235443,"y":1.6506133079528809,"z":0.3274572491645813},"rotation":{"x":0.0017304281936958433,"y":0.9963787794113159,"z":-0.0823882669210434,"w":0.020927120000123979},"size":3.243572950363159,"orthographic":false}